<Ui xmlns="http://www.blizzard.com/wow/ui/" xmlns:xsi="http://www.w3.org/2001/XMLSchema-instance" xsi:schemaLocation="http://www.blizzard.com/wow/ui/
..\FrameXML\UI.xsd">
	<Script file="TitanBMRecLevel.lua"/>
	<Frame parent="UIParent">
		<Frames>
			<Button name="TitanPanelBRLButton" inherits="TitanPanelComboTemplate" frameStrata="FULLSCREEN" toplevel="true">
				<Scripts>
					<OnLoad>
						if (IsAddOnLoaded("Titan")) then
							TitanPanelBRLButton_OnLoad();
							TitanPanelButton_OnLoad();
						end
					</OnLoad>
					<OnEvent>
						if (IsAddOnLoaded("Titan")) then
							TitanPanelBRLButton_OnEvent();
						end
					</OnEvent>
					<OnEnter>
						TitanBRLButton_OnEnter();
					</OnEnter>
					<OnLeave>
						TitanBRLButton_OnLeave();
					</OnLeave>
				</Scripts>
			</Button>
		</Frames>
	</Frame>	
</Ui>