<Ui xmlns="http://www.blizzard.com/wow/ui/" xmlns:xsi="http://www.w3.org/2001/XMLSchema-instance" xsi:schemaLocation="http://www.blizzard.com/wow/ui/
..\..\FrameXML\UI.xsd">
	<Script file="BMRecLevel.lua"/>
	<FontString name="BhaldieRecLevelFont" inherits="MasterFont" font="Interface\AddOns\BMRecLevel\framd.ttf" virtual="true">
		<FontHeight>
			<AbsValue val="12"/>
		</FontHeight>
		<Color r="1.0" g="1.0" b="1.0"/>
	</FontString>
	
	<Button name="BMRecLevelButtonTemplate" virtual="true">
		<Frames>
			<Frame name="$parentRightClickMenu" inherits="UIDropDownMenuTemplate" id="1"/>
		</Frames>
	</Button>

	<Frame parent="UIParent">
		<Frames>
			<Button name="BMRecLevelFrame" hidden="false" enableMouse="true" movable="true" frameStrata="FULLSCREEN" toplevel="true">
				<Size>
					<AbsDimension x="140" y="25" />
				</Size>
				<Anchors>
					<Anchor point="CENTER" relativeTo="UIParent" relativePoint="CENTER"/>
				</Anchors>
				<TitleRegion setAllPoints="true"/>
				<Backdrop edgeFile="Interface\Tooltips\UI-Tooltip-Border" tile="false">
					<EdgeSize>
						<AbsValue val="16"/>
					</EdgeSize>
					<TileSize>
						<AbsValue val="16"/>
					</TileSize>
					<BackgroundInsets>
						<AbsInset left="5" right="5" top="5" bottom="5"/>
					</BackgroundInsets>
				</Backdrop>
				<Scripts>
					<OnEnter>
						BMRecLevel_OnEnter();
					</OnEnter>
					<OnLeave>
						BMRecLevel_OnLeave();
					</OnLeave>
					<OnLoad>
						BMRecLevel_OnLoad();
					</OnLoad>
					<OnEvent>
						BMRecLevel_OnEvent(event);
					</OnEvent>
				</Scripts>
			</Button>
		</Frames>
	</Frame>
	
	<!-- Text Frame -->
	<Frame name="BMRecLevel" toplevel="true" parent="UIParent" frameStrata="FULLSCREEN">
		<Size>
			<AbsDimension x="0" y="16"/>
		</Size>
		
		<Layers>
			<Layer level="OVERLAY">
				<FontString name="BMRecLevelText" inherits="BhaldieRecLevelFont" text="Recommended" justifyH="CENTER">
					<Size>
						<AbsDimension x="0" y="16"/>
					</Size>
					<Anchors>
						<Anchor point="CENTER" relativeTo="BMRecLevel" relativePoint="CENTER">
							<Offset>
								<AbsDimension x="0" y="0"/>
							</Offset>
						</Anchor>
					</Anchors>
				</FontString>
			</Layer>
		</Layers>
	</Frame>	
	
	<!-- Map Text -->
	<Frame name="BMRecLevelWorldMap" parent="WorldMapFrame">
		<Scripts>
			<OnUpdate>
				BMRecLevelWorldMapButton_OnUpdate();
			</OnUpdate>
		</Scripts>
		<Layers>
			<Layer level="OVERLAY">
				<FontString name="BMRecLevelWorldMapText" font="Fonts\FRIZQT__.TTF" outline="THICK" virtual="true">
					<Anchors>
						<Anchor point="TOP" relativeTo="WorldMapFrameAreaLabel" relativePoint="BOTTOM">
							<Offset>
								<AbsDimension x="0" y="-5"/>
							</Offset>
						</Anchor>
					</Anchors>
					<FontHeight>
						<AbsValue val="10"/>
					</FontHeight>
				</FontString>
			</Layer>
		</Layers>
	</Frame>
</Ui>